{
  "pL0": 0.35919390355566466,
  "pT": 0.04464401348694526,
  "pS": 0.16670131037535962,
  "pG": 0.33481880558385574
}